feature_0,feature_1,feature_2,feature_3,feature_4,is_outlier
-0.9211339989116872,-0.6273039331653243,0.0034027670078525044,0.2957390588787764,0.8899793924376397,0
-0.9147199355133306,0.3236307218720804,0.585452970051423,-0.9159655968769218,-0.3148409453636021,0
-0.5875748073396585,0.46234095226358407,0.39286466638528345,-0.8239337406268517,-0.47460953138737766,0
-0.33010655249545123,0.6096308084432039,0.17163092461177676,-0.9229510178076511,-0.17235754951795662,0
0.8165547525221479,0.43236684727721403,-0.14906329673920476,0.6090704550604316,-0.5708670120106006,0
-0.692106326056035,0.4671012403465879,0.03144300912915304,-0.8988142816770678,-0.02834951545126996,0
0.5406360184663311,-0.3958603620245216,-0.8287026898438182,-0.1832244749344257,0.2639545723925657,0
-0.4488992043286842,-0.7250102517126654,0.6363827450652786,0.02914957186342331,0.9698144599258939,0
-1.0492210985992643,0.5448214660700023,0.42507226090277983,-0.6476783129282792,-0.3504721272167093,0
0.026586586692278005,-0.46383607025334656,-0.7759558118674753,-0.11701292908190802,-0.20362987452674802,0
1.2098062948281187,0.3823794101198224,-0.10786298688683303,0.2463296530989,-0.6670730834132975,0
0.17451921937377501,-0.6553286627956807,0.49349424335199854,0.8523189892740389,0.8927106193265109,0
-0.21991325260072805,-0.6706077771715935,1.1007722832607358,0.36490536621032926,0.9202726041184176,0
0.42898497469606794,-0.7716338831921626,-0.11251421846266202,0.4869458937586188,0.9230377117335531,0
0.30353103562130584,-0.6999906276780604,0.5692907737911543,0.3396755393374067,0.9492396043634872,0
-0.10314913755223691,0.44193926102746656,0.36646353219792815,-0.6836323452889217,0.1582120834159388,0
0.8705866217149036,0.45575101581045907,-0.21367541132749376,0.26447707317625313,-0.2632213438022689,0
-0.21642673560946363,-0.693468145880998,0.34962362856029205,0.21643355692116864,0.9537070837414112,0
-0.9942385054906298,0.4547756681887099,0.04139442619859633,-0.6748115272041709,-0.3774108171712745,0
-0.24535708374534076,0.5751506058749579,0.6467410800719654,-0.7938048598276761,-0.09862517297667972,0
0.018836465742275606,-0.3137262768634777,-0.8203474561669831,-0.3398896124359646,0.3077745848451699,0
-0.041050938332072975,-0.3574119329343763,-0.8593711466173506,-0.26275864540563376,0.33107490859496674,0
-0.47077158578558315,0.6020216213264314,0.3185839564662102,-0.9386444024660711,-0.17450721746389555,0
-0.32920311855673917,0.3953412608789439,0.6101952301916408,-0.7473659019260884,-0.4753377473550148,0
0.64361047145174,-0.37155899013342764,-0.8282937010025405,-0.5522648334672572,0.08860546378109421,0
0.6769992215292017,0.3514445957507336,-0.3701798597829564,0.3188158043010556,-0.34554088661133203,0
-0.28960521299184677,-0.7678657687857744,0.2913203533521806,0.3726214932927041,1.0304546736788478,0
0.9994505100859976,0.43389244798385473,-0.15106331838131254,0.1803298162887512,-0.2901204545822793,0
0.15417093479695973,-0.37990486280391966,-0.7412600861554633,-0.012869822496372184,-0.009903712525250725,0
0.2942240321515201,-0.5245020193805018,-0.7756270305652985,-0.472920912260467,0.31296526877697023,0
-0.4374418656249109,0.47807353752486537,0.4528229029379567,-0.9702990566725859,-0.18226494398427373,0
-0.2189173764022789,-0.7270020086425265,0.9543383805521987,0.7377348768852651,0.9194609835616834,0
-0.6422748470519967,0.4896825242431159,-0.13117924681221127,-0.8854370069776184,-0.5256177552317263,0
-0.2136535166719498,0.4708797648279636,0.34709367581927386,-0.7984051151597401,-0.2795766716558309,0
0.21032567978858815,-0.2878067247335899,-1.0551130972367118,-0.2633907508707196,0.06451546918145258,0
0.9626459807281764,0.37351456160223967,-0.45771596754209376,0.5676306462564621,-0.0843532924019476,0
1.0185393294870004,0.37674922485380496,-0.11522912107495667,0.16023209438484745,-0.04052371530179718,0
-0.45422449883049587,-0.7456831486668998,0.9029567646164393,0.16439255426476412,1.0647078662695293,0
0.8315623182214346,0.437742054226102,-0.3248755022629186,0.3882675317088627,0.11874587670539063,0
-0.3250005764839156,-0.7472403199391807,0.28002856263514037,0.3722525174556844,0.9599272061815599,0
0.8124927418210537,0.3761181171772011,-0.11308584379373816,0.3164919654429638,-0.23987291163879587,0
0.06844384366013906,-0.42838424652512314,-0.8735903065196018,-0.4198875087263221,0.49130413271465434,0
0.16434638306654276,-0.8014780978199723,0.6553949685841854,0.686976333895217,0.8849876623783696,0
0.7504176430734417,0.4949644350499724,0.13989818439723561,-0.1484088383564246,-0.6683317106785447,0
0.67983650696939,0.5426444917283092,-0.22174068195640545,0.1468039381404967,-0.30517388433671094,0
-0.2687882012572258,-0.7054037902046711,0.501740499299018,0.5317698174536998,0.9571853750707189,0
-0.04992198343004414,-0.4182356221482196,-0.9488150203762089,-0.03799199417262896,0.24822325349976282,0
0.81175524529162,0.4267779396688267,0.019900221439206906,0.23583951634041184,-0.20919726146738732,0
0.44082923027978316,-0.48527970140487514,-0.8031561857802492,-0.3712321341059187,0.23754814952058778,0
-0.1826104323245859,-0.6848341376753511,0.715408169101337,0.39210907309554194,0.9504733516479986,0
-0.44929676258053486,-0.6704409008432693,0.7395731176103801,0.516592857186096,0.9993703251946194,0
0.10607805828319192,-0.7499536513919429,0.32446301098959024,0.8707412393762523,0.9389541659523059,0
0.5225040551094012,-0.28974924607925767,-0.9862959543334012,-0.3781650090536024,0.3323646832158412,0
0.8793688590348592,0.5112966834920852,-0.08179941857039576,0.3638942230447664,-0.3985108911226999,0
-0.9361915186980935,0.5582654195484801,0.7044823977893365,-0.5524607011837167,-0.1455360876990908,0
0.7515775415799637,0.34218954200091306,0.09373064957070532,0.4485547111643859,-0.6532266056835625,0
1.027470831832874,0.509678218990689,-0.11343925836498014,0.42229803523905596,-0.6663229266260925,0
0.2917794322982916,-0.6806958900294914,0.775227896188615,0.3592461814890147,1.0152515770012684,0
-0.3765687705001455,0.39234024880878693,0.13276309017509386,-0.8618987446204782,-0.21906818189533994,0
-0.12847202660295057,-0.44607766494609397,-0.9138580386886267,-0.3666151213586892,-0.2370997018863984,0
0.5787239303180527,0.5067090917169307,-0.5290136235426567,0.2595151476359881,-0.14717001245646574,0
-0.9787691623406041,0.4247349535322499,0.664994198734846,-0.8567433917156468,0.1384652342939088,0
0.33883222818913367,-0.4290593248365115,-0.9679486442238818,-0.45537531470885656,0.030653659737565446,0
0.024410693688085135,-0.6562492268239021,0.669388793943785,0.3368188072454786,0.9420100106127889,0
-0.21180896673390684,-0.7188162442792404,0.8993836693134342,0.5471036265852542,1.0326543560195909,0
1.0470405929257052,0.41081034441954406,-0.20863463235936736,0.2792300396711023,-0.39956797467764116,0
-0.5703155919345799,0.5216601144033742,0.368058676595166,-0.7473123751393217,-1.1415749156292354,0
-0.07085721858010871,-0.5921138048473742,0.32346700978736753,0.8430046911127588,0.9823554339569747,0
1.4100323108045307,0.3520953008585459,-0.09348531557146098,0.21934504117349624,-0.5732579760772903,0
-0.0441079566769642,-0.4492944125659017,-0.8885270462840158,-0.4556688839711273,-0.02537335868681076,0
0.027077524559092667,-0.46792971976360986,-1.184712095856929,-0.3238148345132879,0.5267480903504602,0
-0.525765099674452,-0.21908037859342333,-0.7530333763896844,-0.2579220237339146,0.18159179054221034,0
-1.1816420941843389,0.473255573761749,-0.03417896267603547,-0.7929738755873935,0.0654642267610797,0
-1.5899760881546312,0.4304353453617123,0.2442697681989866,-0.9626434073796684,-0.32568416141577194,0
-0.7001929183652358,0.5182562455450945,1.0711164523560224,-0.9272516180035593,-0.06432662700897626,0
0.26375017657722083,-0.47245037206992835,-1.0764524240419224,-0.1564175152217955,0.2565020329242079,0
-0.3529534171324779,0.43759944276711943,0.36965343666600203,-0.93751274609077,-0.6705237683243104,0
-0.04887822728682193,-0.6998209391752266,0.8692615324433838,0.952746119457203,0.9201530146082754,0
-1.249416996027321,0.49216521109995204,0.29840275254735454,-0.8813931642687768,-0.32495808092045997,0
-0.006333770794455014,-0.57479552677972,0.3041736013480434,0.8222432910434103,0.9581675198871965,0
-0.017643499080581628,-0.39354043842214953,-0.935421090807932,-0.190931179491791,0.12260690130670591,0
-0.377657982571881,-0.7711972188302706,1.112256946557131,0.18677823938824814,0.8970166033429102,0
-0.7211919792922803,0.5317324158358114,0.6768892973156135,-0.8141889627440032,-0.3552926779418739,0
-0.0017201103873078518,-0.3394545810349819,-0.8454911715940118,-0.31077939297581075,0.268231141348004,0
-0.16057636378833987,-0.3715386258147121,-0.9336381124701506,-0.19411032077099982,0.08831783290757357,0
-0.1510237468659146,-0.4482631969136751,-0.9305876334559732,-0.49143318111949913,0.03194658775403769,0
1.2842994913204748,0.3368355057709895,-0.18288710902090294,0.43098915339536137,-0.2227065611193872,0
-0.8579276102765869,0.5041731837777911,0.8283492920933171,-0.8032840113755773,-0.15548255949248194,0
1.1887682395967192,0.47133311158359037,-0.46642297617032585,0.4101010635357949,-0.3255645784815544,0
0.03733875193923595,-0.3666739275993907,-1.0472105295616572,-0.4372205747017549,0.27224902700256354,0
-0.9415156908984402,0.4186637709330641,0.06735182555031484,-0.8833511487443144,-0.19730289875074888,0
0.8064419300473786,0.46682490118904435,-0.21119844679929017,0.11228495526229693,-0.33293051372991966,0
1.0567587378016932,0.47363993700674556,-0.3291490115548485,0.2597177152772854,-0.366944295041748,0
-0.05049410151203999,-0.6849604333782706,0.740630086610766,0.1484963467240026,0.9355850414365722,0
-0.0004096883895967998,-0.677746580900846,1.1054959665586217,0.3579360633452719,0.9620909418804098,0
1.1216467307654314,0.40619808410787445,-0.0916115965046431,0.19438515288180896,-1.0038259418147542,0
1.0112461994555269,0.40345781928165875,-0.17620246896834416,0.3423942061342365,-0.49456264058741684,0
-0.6564831069615642,0.5559612970389173,0.33617518788380873,-0.6913669370951475,-0.6152827900342441,0
-0.839437701605297,0.47205663568884076,0.5255734707177918,-0.8358567305358043,-0.4988874973446365,0
0.25630457990835337,-0.7595347851703574,0.7348241705551302,0.551948096760172,0.9335445323830627,0
-0.6657928125746263,-0.7053848465182103,0.3063990587318263,0.1530698033905156,0.9343814112654607,0
-1.0335674402269304,0.6475959116519349,0.12900125554004116,-0.7769328905567111,-0.214268290788106,0
0.5381000441598967,0.3807348278147785,-0.571164006078317,0.28696619816873165,-0.42613490294433654,0
-1.0955506126656973,0.6365597261496894,0.35128957967511676,-0.898086709696724,-0.24323278788910896,0
0.18810796266524432,-0.6883254891837128,0.31725730569189026,0.5512065785637563,0.9675783079473591,0
-0.039203532592827856,-0.8017216267568206,0.8515331649316,0.46399268462433935,0.9956425195317995,0
-0.2539943866905159,-0.590402199387324,0.5132041743386881,0.06234209966343064,0.954767303728861,0
-0.13283815327726384,-0.6072390157611807,-0.21682283073281963,0.6515525246814341,1.0067363853396445,0
1.0063658588234625,0.5646229849649034,-0.28017427909641146,1.0831665160932002,-0.2624948851917598,0
0.3064118065043896,-0.44586682031498914,-0.9614858768037489,-0.45747596767531873,0.2668892162419446,0
-0.619468354153057,0.5487847296044285,0.1354326224212398,-0.8770139181458393,-0.21846055716671015,0
-0.5633056754088498,-0.7661571356558872,0.7877257688407568,0.4213609107927647,0.93929139137102,0
0.8087632423796878,-0.3351406117303878,-1.0537481426358806,-0.48823294485246227,0.27378260912648666,0
0.6745011770368285,-0.45575314147078116,-1.0571268220327394,-0.24467690303519096,0.31155667317560337,0
-0.8018963343537743,0.555797098002627,0.3991943975650689,-0.9240165814519115,-0.1987568773756305,0
-0.246896547324215,0.4020128108469698,0.24122935385664693,-0.8887073448843705,-0.2122367628529714,0
0.5086109003899747,-0.40826298724913607,-0.8634744964172111,-0.4796825971697369,0.07378964992809535,0
-0.29959780258522783,-0.6653404153397453,0.3468553861741783,0.5348347233605528,0.9584108184429079,0
-1.4822656848874036,0.5221796048350483,-0.0066473466986677054,-1.077930570875597,-0.19205226700367473,0
0.022449970518184145,-0.7334604631418687,0.5051788587660382,0.4596618619740894,0.9641271918341462,0
0.13583141886434363,-0.4417249196621016,-0.9266479189168584,0.005603297199179992,0.39970624693220386,0
0.5280980811767518,-0.7684283538638361,0.0284213179951545,0.6337508998485903,1.0570316314277466,0
1.201346938526486,0.4799047721860923,-0.333649520336521,0.4928940354201954,-0.40413558537411876,0
0.049924094410183056,-0.4561296549769314,-0.9311071343863043,-0.5643278596283816,0.22897351179378586,0
1.3981931980690292,0.4543547618859637,-0.43301995824809436,0.5701628275520784,-0.8045505358607841,0
-0.9149020597068271,0.5155201578400188,0.05083498222996144,-0.9056948341241751,-0.1116878179545992,0
-1.0468260857942784,0.5280855826116404,0.7226856525196846,-0.8567477274464765,-0.21187991717963522,0
0.8196593769652796,0.43146346136419145,-0.12976898852420005,0.23879671568247526,-0.676270589601168,0
-0.25741844173356293,-0.5646882220938957,0.875951838059423,0.3044055365591662,0.8078033318460904,0
0.9799865056786298,0.3787381852680222,-0.3383418172700542,0.1006801873442487,0.048581773056697315,0
-0.22418793583046626,-0.6930008325204263,1.334963206119945,0.8199639965543103,0.9696173002751405,0
0.3184697380908751,-0.4343246044730218,-1.1890497864277492,-0.26188600803613143,0.266437416749342,0
0.009706171081303156,-0.6366566326629455,1.1405084280973197,0.6316392685037712,0.8485923590215733,0
0.995893096935049,0.3689379524172767,0.05663172357212229,0.5523579029653435,-0.22038924966529655,0
-0.18144604438608228,-0.38120823073265975,-0.8276834736397682,-0.11240927947105614,0.5625333148074121,0
-0.16664481735812986,-0.46849036577041203,-0.8664848990403119,-0.28281761595665633,0.0522502521135143,0
0.9701223512156801,0.49935422232220705,-0.16077867888191907,0.22558076708021751,-0.4908337873827366,0
0.8218503068772997,0.44961849426340694,-0.14674433239505413,0.4350559774148,-0.21132373080751388,0
1.0813935346993493,0.566470173563483,-0.33138550330759725,0.1844373437682849,-0.5776642659612572,0
-0.4566902711176887,-0.6499416648633111,0.7521740312090696,0.9395684189982852,0.9330246172687918,0
-0.708497894330807,0.4787573449414189,0.4640363142925037,-0.8520669670665051,-0.8842949166512274,0
0.9904398437335183,0.21908037859342333,-0.42699853158743645,0.30975076776208804,-0.813445589850743,0
1.3327514488328038,0.4526916288701656,0.1753372710374711,-0.1747187980123252,-0.21264484556514274,0
1.352464884431121,0.349786222953979,-0.3158459913199108,0.39993161756089884,-0.06493715218257154,0
-0.38191888885917175,-0.5931658103605844,0.858737415088589,0.6984675110832449,0.9830004249884505,0
-0.3508293737428666,0.5020826186859947,1.2461762347091379,-0.7968345753939884,-0.812405031658553,1
-0.7006369582203829,-0.727089062946986,0.11692967887807935,0.7968859742086496,0.9961759123265247,0
0.0477899444305696,-0.6640751167763798,0.6158071829024089,0.2528952790337727,0.9141642932556565,0
0.05185914141304771,-0.38632434960749523,-0.9057776088639192,-0.2510165232047616,0.08057102047009618,0
0.19966664358284036,-0.380274677622715,-0.9576057675610254,-0.597663281264323,0.3665891162223228,0
-0.6188973667617927,-0.4174382499083381,-0.7009119368432135,-0.1369338289356693,0.3478514940378021,0
0.2192341911058809,-0.4369442695181406,-0.906117892031083,0.21060716246300462,-0.12045014224189894,0
0.38884675474566616,-0.42305218538513434,-0.8983009301961266,-0.5165005018863172,0.2790086755309539,0
-0.4596930712823346,-0.6965567854281284,1.520375748580857,0.19630689473374877,1.023842125682808,1
0.24176934117452067,-0.2907309551420543,-1.077617525802384,-0.005603297199179984,0.21004580415480706,0
-0.030100415042669016,-0.41341116005830114,-0.5988272973908861,-0.332458142393043,0.12478252105022983,0
-0.9382896876594202,0.43060828579024335,-0.19242397605704895,-0.8679591982368341,-0.3231464287643722,0
-0.2588037535815887,-0.7314794429870374,0.8435810384951152,0.31131235989598116,1.0068096918080465,0
1.3196296635531415,0.5196008869300068,-0.25829499457856264,0.36433940025751294,-0.7335212426845683,0
-0.5527240617433383,0.568952258307971,-0.0034027670078525044,-0.9028885114915509,-0.6042870962908674,0
0.7880306748618154,0.5066934082161832,0.033826459324002855,-0.013860206111225131,-0.7921882781270457,0
-0.9755844275124509,0.42798735019587647,0.40950947059336856,-0.7076614328260311,-0.8504864587069042,0
0.40852359248931647,-0.6558532068445175,0.34090201437094736,0.5197758154536811,1.0134742649191213,0
0.29239566835421893,-0.4243583687900908,-0.9661868684414464,-0.0438377237643904,0.45020950755133815,0
-1.1509596446247612,0.43604711918595396,0.6488084704025948,-0.8948552595837677,-0.3998564153593252,0
0.872151842103147,0.39134158816379444,-0.21333580640201363,0.1795154300792945,-0.3564899883820612,0
-0.16883284405857832,-0.49713595014194,-0.9724595516611211,-0.30703876944061465,-0.10792885038232623,0
-0.013106493272302575,-0.42825862813814575,-0.7212121427878792,-0.20193972088006878,-0.03102606448082725,0
0.9117229255552536,0.5026921467113811,0.39104763185890346,0.41218670249056194,-0.36253572551269836,0
0.20093969938123937,-0.4083659160156026,-0.9714416446658234,-0.21385128190175834,0.4581037321995874,0
-1.2011768440878228,0.5066672119430324,0.5576399089216458,-0.7210311268438212,-0.31739684824910985,0
-0.6188407183467899,0.588973659078101,0.4876154130862048,-0.8579287432076133,-0.6679606802582971,0
-0.160984927303808,-0.4606473445977869,-0.743327653300378,-0.4699071624728525,0.4384054161297736,0
0.0697343561438018,-0.6873679382845658,0.1282619790125274,0.6269821052991184,0.9234681320343311,0
-1.4592654672484704,0.5082735370873751,0.263448052416669,-0.9086999978271103,-0.7580504312222364,0
-0.20753187867057254,-0.6862927984343524,0.3753058835456658,0.27921813829111125,0.9329536306875471,0
-1.2762561164153086,0.4684048941736117,0.06089033019800681,-0.920688799494016,-0.14339225729732877,0
0.1666734492676448,-0.42334810198873657,-0.9883147456844147,-0.398926490353403,0.011411752035664201,0
1.0550019018469228,0.5130693467015423,-0.5065152558123095,0.6523594581606321,-0.33810940313335586,0
0.3776701583330921,-0.6682708185450921,0.29929253052145144,0.3672638248607978,0.9753812705672755,0
0.2912696808290817,-0.3823157844374446,-0.6638919510887978,-0.29475797122693825,0.30341152217117523,0
-0.05594347570897162,-0.6722634145443963,0.3507777327917044,0.20191052655946196,0.9580672244993237,0
0.8599935081470649,0.3753352474681791,0.2112578539037049,0.5851374270603018,-0.4335696018750962,0
-1.4706438572314486,0.5247012582257189,0.555284001405461,-0.9202699096619552,-1.1005392246774937,1
0.035913997053282055,-0.7608497899538177,1.0528526267907043,0.3610344166148927,1.0010064473904923,0
-0.14097450555318852,-0.41347298393440607,-0.9802739827191446,-0.1804089558265983,0.41882140358927583,0
-0.5651437638279604,0.4709489419229633,0.08694500711224298,-0.8000805759371008,-0.541946660714388,0
1.1368868219540997,0.5120647573092008,-0.3337953578033117,0.23608049941193482,-0.5103299754922739,0
1.181437256267995,0.5983150604823775,-0.27618203768368754,0.19648511513740774,-0.6974880661696148,0
0.03337602057555989,-0.6661606116383706,0.7248934376606063,0.4888418738216592,0.9793317189797343,0
1.0176017578545689,0.3756146610164862,-0.3695815509432031,0.5342183387561696,-0.647596223890553,0
-0.08815652454071922,-0.7218873391282468,0.6642186908251266,0.3715540202820009,1.0003800314060203,0
-0.8224434697964789,0.5834506396674807,0.018873594900577474,-0.7312098664204995,0.021035922192895642,0
0.7257991767397965,0.35781208501878353,-0.10351391803703668,0.43997376768441876,-0.36191705184518563,0
-1.0541854366681231,0.423091787575608,0.30761709178141805,-0.8773414846008518,-0.4136653231925952,0
1.1254002583699914,0.5365937343848501,0.03258668263073074,0.06316318595015537,-0.7128297930919308,0
-0.775701151519089,-0.3704923245312311,-0.8680920719838764,-0.29683531441643085,0.11894624564783923,0
-1.2014804304753726,0.44636196826208,0.5831173483927484,-0.7989369265474868,-0.35466188837327656,0
1.0780636451902126,0.5967438289269292,0.005112325057136782,0.23583687100114475,-0.7003075777508511,0
-1.3423354373718626,0.5974351249287614,0.2110071353479007,-0.8859447464344441,0.023381992991734747,0
-1.0577686508170185,0.4683900635674004,-0.1504043085777744,-0.9440568278769689,-0.05596475258518215,0
-0.3604155244472178,0.5136498187510686,-0.03063213014053852,-0.8103270416559903,-0.004774883317016136,0
0.6150824886292294,0.5570711395114305,-0.2486671662995835,0.6767990416078312,-0.9304612184994235,0
-0.7063188389241368,0.5734298999250332,0.5416447276985139,-0.7478891771740682,-0.500292588600367,0
-0.791157195893736,0.5222348689810821,-0.12622551677940572,-0.759502326938114,-0.4220202637208405,0
-0.07213461727922273,-0.6535738940125135,0.536246016455768,0.38755601987115684,0.9929359311767917,0
-0.5068914879189629,-0.7300154237478592,0.5113856108792173,0.43887902014690755,0.9364023679220367,0
-0.40706225702617393,0.5314374857038567,0.014191130076651943,-0.645722781823713,0.0004967687531347376,0
0.894391733425118,0.4116127683448197,-0.02121367247784862,0.45456909266561824,-0.6359980042913805,0
0.2660140232095891,-0.4769330233425547,-0.8062951491528109,-0.21813412697902787,-0.17394410135443517,0
0.07786467830843444,-0.6319291942163413,0.9468111980464823,0.727586740183963,0.9796108387708072,0
-0.8751648547142251,0.5168299578877129,0.7056454436094279,-0.7532447416401123,-0.7227054428711343,0
-0.2154566640433589,-0.43234402099886865,-0.8023728556893653,-0.1508353095263201,0.13711891988627284,0
-0.48168102164392307,0.419538066517669,0.6276654939704406,-0.8122609058596089,-0.4683263579220534,0
-0.8199083813337869,0.45661834889836517,0.0671574364419425,-0.8497144688654727,-0.5940761410314953,0
1.0491767487295207,0.3112119279167283,-0.4807745267847119,0.4157910792254773,-0.233660058555735,0
0.7646193805865367,0.4447615769606554,-0.19739285304269158,0.49318317248492255,-0.24047993527076555,0
0.35458860746365006,-0.7206664646099455,0.38873218569933116,0.31436123401330274,0.8774198259527164,0
-1.49778291819938,0.4430932898991735,0.3375649201625629,-0.8416880975888476,-0.5806176403185552,0
-0.6836624903385963,0.40281719379944025,0.21286315742406497,-0.7226530961004975,-0.2542200059767154,0
1.1816744425948227,0.46082550982516746,-0.47414240733086965,0.08030514086475488,-0.5281720224352037,0
-0.8547446195658935,0.5227782887872338,-0.12176203042383914,-0.9153087846354333,-0.09493580475836526,0
-0.5096913703047193,0.49759947031347884,-0.056351764460046146,-0.8153120893169152,-0.4697988647036997,0
1.2528545311672046,0.5146338042616782,-0.0783898383047561,0.5214272748064233,-0.43477622060626897,0
-0.04177739176468639,-0.46024472397961347,-0.80264953966585,-0.35456640390911565,0.3613560345376276,0
0.7771216781816587,0.47881981592403877,-0.4057210498378252,0.05602167781580605,-0.059421787765806394,0
-0.2970313251618189,0.600629005102715,0.16244247816181556,-0.9761024359758985,-0.2544331332290003,0
-0.3667038322401693,-0.39855126755515596,-0.6107222515142281,-0.29279095572104785,0.15671145946211085,0
0.01272365119338597,-0.6418897454345561,0.5545355975460647,0.6448211139994376,0.9222465611922762,0
-0.34801585125070933,0.38221285866228205,-0.1339350997590079,-0.6921266005686421,-0.346649061204505,0
-0.8293304248193444,0.6058888885293544,0.602476792192761,-0.8878270809653779,-0.5397884311502875,0
1.1124949470033303,0.3829804900337092,-0.2020750853123584,0.5522206255971446,-0.9563969573552297,0
0.5378355620633288,0.4353217766425148,-0.054987901810351014,0.7464162876031102,-0.4105386153237592,0
-0.07148199793521283,-0.6509866239284062,0.5442395295839991,0.5598697833642137,0.9444626768288372,0
1.3316433088131916,0.4472624841250435,-0.13243882735952664,0.5368567097938418,-0.547556426264698,0
0.831344696457373,0.363365733690914,-0.556292321644614,0.7447399466453235,-0.2551124926344349,0
0.7822010524635313,0.4133187603200794,-0.20200398271757788,0.25237514837882735,-0.9154256090539542,0
-0.9250333269389199,0.5372708156787678,0.6232264128314294,-0.942007282203713,-0.6740379723972143,0
-1.8565296862709117,0.5168014825677865,0.604928944470745,-1.0979870105629674,-0.5752080160385787,1
-0.06110781902839976,-0.40001808101813435,-0.8281699459114281,-0.1018012680246762,0.41383564536380124,0
-0.6929831604208541,0.4929913945781131,0.02779564194058285,-0.7245883753080029,-0.3329815583271957,0
-1.0739689927650795,0.4812607372961584,0.17970938640324433,-0.932329968425536,-0.697702265292905,0
0.3056895174817895,-0.6601633684340912,0.7338720835293772,0.5904511137863963,0.98472280754119,0
0.8705826700791081,0.29930761832862524,-0.33286085856082126,0.19529486382326292,-0.3893602956793604,0
0.08173129754434826,-0.4613611181092947,-0.9132277979587686,-0.4068453314926953,0.061818358607210334,0
-0.1286822279033845,-0.7124658570839182,0.775940310604741,0.48799275268078013,0.9303091357703287,0
0.9924814440086694,0.43758387325012404,-0.4056360707973123,0.2358665708695638,-0.2293756695174704,0
0.16444928169853618,-0.6660248646612205,0.503165323633378,0.015426260484576975,0.9692986607413301,0
1.0225840612438581,0.43312426490900197,-0.20376095609326023,-0.05843612519012136,-0.4941856974869305,0
1.4443220584286791,0.5206147800240648,-0.29279030977975157,0.6672691683753931,-0.549596748967571,0
0.4115778973304663,-0.46275526664058253,-0.9729055521617684,-0.3849905906328882,0.4041865010076449,0
0.07411407342779373,-0.6813475951930085,0.25253350820717396,0.5517311463162116,0.9192053634364813,0
0.026459626504375288,-0.32253691192802364,-1.0523402795210774,-0.1785079553312383,0.07591329899685995,0
-0.4959226172920677,0.46807489215686493,0.8144265895933503,-0.8429088265868068,-0.3814669332472613,0
-0.4964095685874552,0.5989577627377497,0.6377307285756934,-0.9050803152444165,-0.18831251312640482,0
-0.8671322214795815,0.48335014018897776,0.6684807436473327,-0.8069785763893846,-0.2975329194783297,0
-0.05719889751882688,-0.6929880619667441,0.5941680554539943,0.3464019731971947,0.9193086300027365,0
1.1514448716152443,0.43228859671349057,-0.15072469713178013,0.33822483739609416,-0.40415827873464044,0
-1.0927194547320267,0.5623701666706071,0.1290294417093398,-0.6491730822160603,-0.12214604146725071,0
0.1225574475171509,-0.753767744078907,0.6583311667771611,0.4202975680519673,0.9722768890206659,0
0.24979276261336164,-0.33760071497173916,-0.9102918710130468,-0.36333097964012173,0.19160021855846035,0
-0.7706588430108355,0.49831063310157786,0.5384304654199983,-0.9054872882313463,-0.16157570940986143,0
-0.011475478255320005,-0.401004446709874,-1.100990913710287,-0.22721917583927193,-0.01301114937008579,0
-0.9302935720807024,0.48927929545062565,0.6953968617125219,-0.9565312037639612,-0.22960213865563836,0
-0.92020390719456,0.5557772537328823,0.8594566311159629,-0.710678656625346,0.08751757991195096,0
-0.17227460048088886,-0.6900453400954562,0.9886538485142017,0.4262410993519741,0.9507612328350259,0
0.9537799205996155,0.4603937524308286,-0.497364745965455,0.2431473655341858,-0.4002882031842532,0
-0.936484737943458,-0.5740481649232857,0.480077444788292,0.6558722469361103,0.894366095354482,0
1.3354941649613048,0.4639851044587891,0.06658618096311703,0.38485014605252765,0.06828976648116052,0
0.1882812081502713,-0.4112306898082682,-0.743241235507449,-0.3019980946977641,-0.18552395947686864,0
0.4657981136663226,-0.3883983500849299,-0.9317319923901057,-0.293982795980978,-0.06209945543562244,0
-0.9595362496792751,0.5395892418587861,0.5067953537643499,-0.9573584589751827,-0.02895981794426383,0
0.25568191608970503,-0.655971615088424,0.16837383677816642,0.7945771757430908,0.8885042588785527,0
-0.09733678841420992,-0.3381899470059977,-1.0114098494676178,-0.36546349539654027,0.27056814567876464,0
-0.06656620786840461,-0.6608028071894986,0.603079638733145,0.7228274664470632,0.9546265522098278,0
-0.8370044026052901,0.6068392977317179,0.4107690271264824,-0.8861065450249372,-0.36905655106433777,0
-0.9961861643173217,0.6146476346665527,0.1883686045555029,-0.8345982255642534,-0.06325042164699254,0
0.34149799393553465,-0.40444688771609844,-0.9912008353514927,-0.41921157698203215,0.28033525481590493,0
0.9184457790995662,0.40514188505251664,-0.08147593741464727,0.6232826068540799,-0.1854987114224664,0
1.2126782461830068,0.4032859527131875,-0.2931251579755404,0.2776778132120851,-0.8857108780706663,0
1.1471909706040853,0.5746752216579323,-0.46503451748108326,0.9175347222324497,-1.0561880983637808,1
-1.728578687440925,0.5543725158591276,-0.07391888977967288,-0.8831685271400971,-0.6240040305486019,0
0.37760583764126177,-0.35302340370913554,-0.9870303326342204,-0.22748767495410818,-0.0004967687531347376,0
-0.5039165839850142,-0.6047755569759885,1.192889792998681,0.23881164061473978,0.9289388911878551,0
-0.6209932028465528,0.5437202965966328,-0.1655320226811303,-0.711926406535183,-0.7801078152643188,0
0.16226462739414915,-0.3281377599391061,-1.048971802842172,-0.7038539960059532,0.22390057291818544,0
0.8034034377705008,0.46101095086481886,-0.3622893247502457,0.6089616587177947,-0.473197843163026,0
-1.3173016895988985,0.411735642337053,0.7091323649147528,-0.9286420801717001,-0.5864305429378164,0
0.2154657555281827,-0.6783378067548627,0.4408029718825626,0.3342345226205684,0.9449167189672777,0
-1.2018212143116356,0.4335082649883843,0.4730744630066843,-0.8395339303873043,-0.20145734653803637,0
-1.074503008904831,0.4614313348575747,0.1917235910747238,-0.8405352148680029,-0.249388893988791,0
0.47468438769972604,0.34357132615794544,0.1187111483894735,0.7844809327723843,-0.502731054181195,0
-0.2993225802959394,-0.44642194862367635,-0.7797607593957632,-0.13204605695715949,0.27882066164971,0
-0.4486877868556365,0.4358678270547898,0.07495147349795202,-0.9104545078180251,-0.5582865811160315,0
-1.1388573030368783,0.5158609138348841,0.16678053526635173,-0.8606087253954964,-0.15355538776732003,0
1.05083112670121,0.4587566941962822,-0.35737553012202,0.9205577197312501,-0.26036897771622014,0
-0.2553509603820747,-0.6446422746139989,0.3154918589972043,0.27654879556374296,0.8456812120196938,0
-0.43705120759203436,-0.626624009420079,0.37358027127839843,0.46399645128076844,0.9461441265367097,0
0.09265691132366195,-0.46557091317854205,-0.9432060429079075,-0.17966297186005858,0.21031614995410838,0
-0.2412657453472519,-0.34299603914489546,-0.7997032476005838,-0.17407539973851358,0.26672154310832846,0
-0.03993331243712037,-0.6615717608251106,0.23381433088573314,0.4209983385621025,0.8734894882291021,0
-0.31235890512823605,-0.42524944325664865,-0.9459042514975909,-0.19663457988105107,-0.1430616265666103,0
-1.219503967064195,0.4046270884019257,0.6210032347237836,-0.6632711272568266,-0.3185390651124084,0
-0.6622414680118913,0.4352654980573484,-0.1843149611832934,-0.8029081851585602,0.03296119249873858,0
0.0905571631728072,-0.4352435611085033,-0.9065747178500734,-0.3078116691555256,0.12252946372894057,0
1.3309762533361593,0.44359935821942476,-0.31320918690055694,0.14021798400977986,-0.9513469687426648,0
0.0004096883895967948,-0.7182242462593351,0.9799179291684409,0.17633744888369313,0.9391460227330878,0
-0.8838793079780711,0.4167598690031212,0.41118205314308875,-0.9821096253550404,-0.0067144350208110945,0
-0.12156492377549995,0.4835783059983487,0.5823865556332025,-0.8501831194293918,-0.31706073259743517,0
-0.12137358011833446,-0.4547672842971535,-1.006611933881366,-0.1543485682460333,0.15600453086579105,0
0.4501239569625296,-0.44487947029559494,-1.1108405273613169,-0.12210956606241596,0.059882585149548334,0
1.3205909060428627,0.4611275726420626,-0.3970616898915937,0.7519361118931528,-0.2850046324156973,0
1.1289070263301855,0.44025140065230606,-0.13968136644772786,0.22976643980388198,-0.40705495418280224,0
0.24691477897848113,-0.3569355121292733,-0.9486747237979515,-0.36630830930784153,0.237954309172031,0
1.240297079224748,0.517173694603947,-0.030524465815488722,0.6944816793333854,-0.4254079953290092,0
-0.6756548066153466,-0.7106841643734059,0.40437243417416446,0.06715242400057884,0.9085307649922195,0
0.29270245938501177,-0.41063894612341495,-0.9255694031219271,-0.29030048753401144,0.28427250357992406,0
1.2780906237940184,0.41144959708512674,-0.09737444663371315,0.32142957677410866,-0.4936075955212934,0
1.2480856495286456,0.5268588246208354,-0.07160078463239906,0.29528848690452697,-0.22847132214934596,0
-0.188482552329356,-0.4321599047383582,-0.8609645796880405,0.07125216742605481,0.596509042089369,0
-0.8955583380678432,0.4312326918937433,-0.10999289389889186,-1.044067862949977,-0.7546283670391618,0
-0.35691842726014605,-0.6842393281262746,0.30080010479360114,0.6784577261146437,0.8672181177955879,0
0.7455400062837599,0.48341796582589036,-0.34751358820962214,0.3007166219800683,-0.6079875138037327,0
-1.0203652857624632,0.580669841637526,0.32975027096859455,-0.7643374350676073,-0.1684676525087527,0
-0.7726111430986686,0.49860212779714636,0.20200854367649948,-0.822081742101745,-0.3700377652239865,0
-0.008217426487716402,-0.4201609920466164,-0.7081267025705892,-0.6050727360081142,0.4247097685660904,0
0.7824131744838227,0.44599574744913595,-0.2117468972163427,0.6395488352526731,-0.9644183259863565,0
0.5549343472699261,-0.6948514504001264,0.595206694785319,0.6409922730208222,1.00047963771534,0
0.9976937027161806,0.45984956682200573,0.4534447202874765,0.3237150670391776,-0.34806887550896265,0
0.24747944450903137,-0.4203265527124701,-0.8238469009719581,-0.14390470529924873,0.13202069068616992,0
-1.3478628952717753,0.5532302278345834,0.11138105146909434,-0.6433587740313055,-0.0302698677876746,0
1.378065862410935,0.4368399058496692,0.010693047839912583,0.5256719035067176,-0.08150683025600163,0
-0.20798369295758978,-0.6791748307225032,0.5211698474092891,0.676722789595358,1.0605199315367713,0
1.2758242624039307,0.4028712672068136,-0.12238754589637563,0.5580715236017698,-0.709362061144896,0
-0.008856940339802968,-0.48724290458631925,-0.9439876424495587,-0.2518517462513557,0.0012059811831970921,0
0.8978175432941544,0.49115400062860265,-0.14850122078699485,0.624962668443025,-0.5801552422378917,0
-0.0008814542926821344,-0.6429891500828891,0.6984123158324935,0.41643773143423635,0.9662162129013795,0
-1.0259884927804908,0.4991105704146999,0.39796252235777435,-0.8868035342490299,-0.14384367155954192,0
-1.0733197471909224,0.4740081784472217,0.31320976874768525,-0.9418947261838498,-0.12916188952153618,0
-0.35535102948704306,-0.6520677729856947,0.6099585762895556,0.24978360158711643,0.8810341779743099,0
0.19225990339323207,-0.43950967434557453,-0.8960528654638366,-0.5480734408414347,0.0578137407928381,0
-0.5505584633798309,-0.6693775133489387,0.7527932929444385,0.2681164025721294,1.0210461771251544,0
-0.06998050803700014,-0.3953060639102797,-0.8284466039710386,-0.21654167307476666,0.20503965908119384,0
0.8006501833773626,0.5607771060660461,-0.4934517089596473,0.5111104780212049,0.09436476873776911,0
0.2486063447365213,-0.751475491187365,0.7415018081305268,0.5248878396196565,0.9329345662752825,0
0.054860386128297606,-0.6010248721586745,0.6834408512558262,0.3230953305172396,0.9941069729011063,0
0.05581674740327857,-0.7451929414647799,0.5106738773525176,0.37962341295109325,0.8878382666582291,0
0.5419006283736325,-0.3354864450106403,-0.8661778944861852,-0.36953899123944817,0.3245362899993104,0
-0.43250877666807347,-0.7263070942417579,0.5354936177292049,0.5061324214049828,0.9113006845766337,0
0.016591914051679413,-0.68584257758265,0.5056952956416324,0.20729988433499003,0.9344030088429427,0
1.1979803351459655,0.4783001528775238,-0.03069095739885883,0.5217469328315711,-0.6783985484065351,0
1.1739623298698054,0.5422993130688807,-0.38948551595516995,0.605959539322237,-0.31824551176186094,0
0.10477910879057764,-0.6812487157380039,0.38035092206533977,0.4269631836993995,0.9990494008340869,0
-0.43276502693273067,-0.5930225449651684,-0.08394123556983164,0.811560525711174,0.9588034926589163,0
-0.8848744088842638,0.414571986712403,0.1756418708859594,-0.9521716099134374,-0.3368505901641926,0
-0.19469227369750644,-0.41089285776574025,-0.9146286256540451,-0.25758377525937626,0.12262301972771487,0
-0.6638914217637054,0.6278680591386361,0.26799169448630705,-0.9613526796572401,-0.024312674706884467,0
-0.13501825521822788,-0.48326328799637397,-0.9220108657336216,-0.21749695371336236,0.3510125727624416,0
0.18044696161372487,-0.6561710495443759,0.9014152946395093,0.2563044856283395,1.0098820440076917,0
-0.5580267264451035,-0.6971160157709596,0.2135997817471854,0.13113542146698123,0.9572920454478051,0
0.09408530857400016,-0.3694785253384775,-0.8162430530212544,-0.34881328181040466,0.08241166817601796,0
-0.016397056355827742,-0.4121858464929936,-0.889633848211149,-0.5677063350346564,0.18901683808361716,0
0.9963361681968623,0.3033966155570057,-0.24323753440721563,0.07834814164204193,-0.2511878403126587,0
-0.022512389807812134,-0.44039815678739547,-0.8735140940741001,-0.41805637712731397,0.36992249313009556,0
-0.7811544470325789,0.42801444466058214,0.1805672035242215,-0.730210987110386,-0.26153369247882824,0
-1.2862637961733674,0.5060485653339055,-0.07135094534572985,-0.807899167912583,-0.3003262750767415,0
0.9913061990034264,0.47625636436645735,-0.4451714259879222,1.0050076107712,-0.3952146046210866,0
1.1921647897125147,0.4690362106366497,0.36528381860011355,0.18448020107540786,-0.6817716110597969,0
-0.003559483937126967,-0.6765077633192337,0.13003287193026986,0.13596239673101995,0.9981289882738575,0
-1.1183464135642838,0.3053616105363443,0.5980602847551529,-0.777528163974447,-0.36619411772306776,0
-0.3557793091980954,-0.4756501419914736,-1.0359071485691156,-0.27097571879510923,0.4494336527970118,0
-0.3426499195753523,-0.6688727388303359,0.013203944177066102,0.6354475400389434,0.9713376648518453,0
0.0355892979721186,-0.41844188969606516,-0.9171760030539138,-0.09874916295441738,0.29164344641482964,0
0.944019243234447,0.38289158547405067,-0.3166957139117726,0.4595172182023656,-0.22897186432803904,0
1.4009912853472957,0.49076825513596894,-0.45685054095595246,0.5284608686096796,-0.7245958053222019,0
0.11659181473487656,-0.7786689552353236,1.0656990816735525,0.7270403071644362,0.9165893347477634,0
-0.17099582539284439,0.5135479937146691,0.3688415152831163,-0.8921362978825661,-0.2563189062626805,0
-0.9117797060328353,0.41674463838582215,0.0925539319723564,-0.719956391321685,-0.02778469459105891,0
0.8292077175262077,0.43141332407169547,-0.03052251635609538,0.09374143849654312,-0.3681974971081024,0
0.017869553577364673,-0.6729966210045029,0.7569015843486168,0.897170548564626,0.9396453515551346,0
0.27763272281907475,-0.3788341033660771,-0.9714410108553424,-0.22330849661216437,0.3235274624112561,0
1.1327986288200957,0.39471495128603284,0.3346124526578667,0.14152658939035984,-0.8023575458829973,0
-0.2531497445371125,-0.6760938120432493,0.259487161061187,0.9345312520616403,0.8862149416954233,0
-0.1891850681911485,-0.8248908859847769,0.044950701352298165,0.5668777112089479,0.985961577067577,0
-0.5892660794304558,0.4242048112285022,0.8151491900987405,-0.8881027018677906,-0.29657083345640123,0
0.635159379908113,0.45894404769204133,-0.1656980739817027,0.1635126321892836,-0.259166102512998,0
0.16440524073295312,-0.37853922979602966,-0.8091195834430694,-0.20229751142995123,0.2074450896060834,0
0.013322055430478296,-0.426022112682447,-0.7895671497127167,-0.23867252075781872,0.28801142371365956,0
0.901615083843194,0.5346365786107777,-0.1461652145963783,-0.014709738475089065,-0.34198795692013406,0
-0.7135386342350444,0.44428483193970086,-0.023940169239609472,-1.1457931446502374,-0.29818726755086833,0
0.2850334135021082,-0.33850312236937025,-0.8006559969000662,-0.23677749908352635,0.3627968331677517,0
-1.1868610805447084,0.5158261512434358,1.0310287856396407,-0.9708210128594947,-0.284629714181686,0
-1.052573686505003,0.5134341245796552,-0.10153525592526372,-0.839121021869187,-0.2949795283020724,0
1.0524935531552977,0.4562986052947601,-0.20244409241715597,0.19223704478772308,-0.42442259704449686,0
1.0681581509768439,0.4748424378889273,-0.22285934106836872,0.3139133302837275,-0.8694242024253298,0
-0.540493287777794,0.45677299343867195,0.06397877217403701,-0.9685120764603427,-0.8812075787463947,0
-0.9885660078870602,0.48257914646052985,0.21678368393930264,-0.77036169866931,-0.7650615156180326,0
0.24021996243110258,-0.7065899518009676,0.17896578837832966,1.0551972663797058,0.9513902409601941,0
-0.1007616380079107,-0.4385789265086972,-0.6978806033355885,-0.4791788913673423,0.325448965902102,0
-0.12153246072297068,-0.4072534370025106,-0.8040127490132211,-0.3266438377326045,0.3631951152226904,0
-1.389881538562253,0.550497055713947,0.28470477613805395,-0.8784420814085387,0.35354942123447286,0
0.37893926741511325,-0.7223670631178597,0.7246120345089807,0.7932235237320181,0.9293787039322936,0
1.2018708497086747,0.615509386625216,0.026876468359938895,0.034121761994023156,-0.5723882535480488,0
-0.41635367214866187,-0.7725309545605873,0.6032654257078125,0.6400745207167463,1.0257570797620892,0
0.25010835256497765,-0.3688383206926195,-1.05542672626569,-0.08408135196704258,0.23716801644891986,0
1.1287961378480542,0.47859563590691134,0.662845179554584,0.6461039998667504,-0.4676999597600742,0
0.15606939503861145,-0.38172462993461337,-0.7488829505472733,-0.2782234475013582,0.24508371503341495,0
-0.3646955178872749,-0.4582402806646944,-0.905781728689747,-0.5314570657577132,0.15935455349268096,0
-0.275871238690989,-0.36008904457473223,-0.7867117619308841,-0.4641901509767056,0.3262839262093545,0
-0.902754856790016,0.37245164421861215,0.5555903456991913,-0.8501168250818151,-0.7139766709634976,0
-0.08889491733478247,-0.36521187561586377,-0.9154805573549856,-0.39289785993445137,0.3971650728804377,0
-0.9139771206103112,0.3273288481527774,0.1284037708803997,-0.7127926255546048,-0.2969653067704004,0
0.3355864735635563,-0.6425792388518007,0.4532603549753995,0.3868725797867692,0.9586757134206003,0
1.4052210860992178,0.4683817582013383,-0.16619921138284785,0.35128178318908737,-1.044261652227565,0
-0.16005196049098216,-0.48749073010431704,-0.9164591346365645,-0.13776117538494254,0.16829973862358208,0
0.09838832941608547,-0.7116049101831005,0.7323973673805352,0.6560072291691693,0.9875560777070873,0
0.23224209900737705,-0.37688309877437737,-0.9245922349101674,-0.3136171402385884,0.24841341577234172,0
-1.231691038245623,0.5905509061999787,0.2783609000394718,-0.857009759671177,-0.115012467012454,0
1.1118651007587832,0.564441746227955,0.007444568752208683,0.9231190096113234,-0.6591009410918195,0
-0.22093830827509528,-0.6563259581703815,0.8725050084307953,0.5320541584140247,0.8645007485961373,0
0.40524058839978305,-0.40424900329174385,-0.8677613883647743,-0.38823373459349936,0.13289989940648755,0
0.2834171015439296,-0.47250200851325647,-0.8623750281023641,0.08759429067787458,0.010729406319342511,0
0.08916113959423577,-0.4575729668376466,-0.8072418979939436,-0.1348737002495647,-0.14532255105225694,0
0.23860327355148972,-0.4131781109779416,-0.7434794828472598,-0.3457781907746233,0.2870573393913693,0
-0.009315161365627515,-0.7335215956197716,0.32828237175129965,0.06732854495461633,0.9007182918738537,0
-0.8725217854431196,-0.6946665566894119,0.4499928722272373,0.5506995926959649,1.0327489999027972,0
0.472351276533105,-0.4945062608712922,-0.8943571353172491,-0.47861223313111906,0.25438068991611373,0
0.8984228897175813,0.4068847691645717,0.23455728954191424,0.4662826862654075,-0.8177816284579961,0
-0.2914150246222336,-0.4986329185744948,-0.7451161230208216,-0.38994295444258836,0.42474706244733723,0
0.018772233042127603,-0.5530885305825795,0.3201150520979716,0.2572641593399696,0.9167165532784134,0
-0.19107523718856892,-0.6312530008371007,0.5137570311609007,0.33977955165221346,0.9904482173127062,0
0.987694293549968,0.5305934783498569,-0.1419254779679214,0.22057616718735606,-0.3319634286382854,0
1.0790812769318978,0.40491271580775073,-0.1720184246234058,0.4390250882122599,-0.6426305389348878,0
0.3076361957252063,-0.6402772233650038,0.04857563071154745,0.15566457174449175,0.993048931303122,0
-0.24672928268617653,-0.7185087246591323,0.420869474490461,0.48304418602854665,0.9737110269882959,0
0.3120011216335609,-0.5620340755535801,0.40714252849045374,0.2767042357837652,1.01582875223979,0
0.04497132333874191,-0.4070768964103482,-1.0138483013928168,-0.1700893628831665,0.0944721728872291,0
0.9019001303114514,0.3923839923513644,-0.026191280030195684,0.17401987844631267,-0.4112443190499116,0
0.22029325736969038,-0.7307025127957772,0.0930372089293905,0.03653675648770149,0.9776169064240157,0
1.1061376933991998,0.597189790824624,0.11267077351276665,0.7706168901829735,-0.5805171592536923,0
0.23332342828276145,-0.38929209545864685,-0.8427458352349253,-0.48878214544205745,0.359571159634188,0
0.1683076807971793,-0.372505552356915,-1.0296022015111843,-0.11630159935057031,0.17779356661948276,0
-0.3438679900310118,-0.7041332166154385,0.7178259514462119,0.16027773182027819,0.9536554361797895,0
0.37679121766385465,-0.7060739285985428,0.0669157684894486,0.32272649861454933,0.9348067194066554,0
-0.06821946134178902,-0.6259529490033627,0.7155162850065909,0.2938595638832511,0.9853118715202608,0
-0.1767458944907587,-0.38910183234807283,-0.8989501529597631,-0.28865534753836253,0.044639116312568936,0
-0.6387956664687734,0.5126334294927469,0.7411942354297324,-0.7847277562583164,-0.327607636439636,0
-0.11827691004973007,-0.7239213272872574,0.2058643685307366,0.2306258267665916,0.8841900035914394,0
0.05345554932267248,-0.3603098866230084,-0.9468167468011034,-0.5265885346195516,0.45150553639274643,0
0.7901647804193787,0.3369111353548825,-0.17860283906530805,0.19590836388526506,-0.8717470206963989,0
0.9105297464242511,0.42988101254943856,-0.386034416090684,0.3309520667453509,-0.32056893694868355,0
0.969263766720454,0.5429934775021176,-0.16692083527894183,0.44984138367889187,-0.5507290615184989,0
-0.3874284398933506,-0.7207583614854383,0.6961675222661087,0.10593025418701603,0.9825986244005357,0
0.19534273257779788,-0.33567729625893006,-1.0218086608842016,-0.18072982435881596,0.37979000286882425,0
1.3516730075572654,0.35344624417544457,-0.5439880210329252,0.35572656244624423,-0.32589891163070467,0
0.627198983514813,0.45043896205323425,-0.4603260532528017,0.2190790684015143,-0.4180018532902855,0
-0.05158507999347419,-0.7343271989230503,0.6064924452175008,0.036686087033112984,0.9645841415627546,0
0.017273581014109304,-0.5264464289191972,-0.8104292955339798,-0.47680124089190107,0.20220229224314454,0
0.5411987672210281,0.46926863458779094,-0.35933625996203006,0.5777281608956627,-0.6669629424836814,0
0.0888938942534225,-0.41004962338562023,-0.933549509373571,-0.2689937843722833,0.3272296334257436,0
1.3616435828740852,0.47976833682993203,-0.27071133321736063,0.5718978768521968,-1.1504295344054232,0
-0.9451402986155687,0.4610163258714088,0.562265350650937,-0.7112222458716551,0.03757398525041149,0
0.9782891595473479,0.4931035530687317,-0.017027215415127354,0.10017060676888741,-0.5277934830679951,0
-0.18557367349516243,-0.610465054693301,0.5936410010478261,0.6361405557715856,0.8693819265411877,0
-0.02933987086158148,-0.6832731847468023,0.40689327604368614,0.36698571220988774,0.9634760645737963,0
0.4788316169210314,-0.47540416017299203,-1.0040007696732334,-0.12024713902806078,0.2389076552730788,0
0.3473468786397287,-0.7469215831927881,0.8769092109430567,0.3301190426703473,0.9460177847646024,0
-0.2614521192451817,-0.7284123869832102,0.09466584809239448,0.8259307444624082,0.8830766457521736,0
-0.9560321669152116,0.6055170061431893,0.4655094888432949,-0.7777509751653674,-0.1257023037509142,0
0.19899947278094632,-0.32566263350019997,-0.8084193353015307,-0.5127359443782746,0.36022667056704216,0
-0.15967324559214358,-0.709516536368549,1.307764664712961,0.4726717545137127,0.9693187875496879,0
-0.647246324839104,-0.42639013059876657,-0.7467596880563238,0.06352425560076165,-0.05738843900793413,0
-1.4074002025425425,0.5718384622627035,0.09281473015435433,-0.9445083090109505,-0.2391873663632982,0
0.24606839443192918,-0.4940816346055479,-1.1568643809895223,-0.37831042442076246,-0.055397435153919636,0
-0.41773960970330204,-0.3905372684088799,-0.9549718135925371,-0.30673806333300296,0.2517234092470086,0
0.06961580624772691,-0.4983730023208289,-0.9371118846665931,-0.1434128666532984,0.28873987606836976,0
-0.05762565932206423,-0.5093396953534332,-1.0270415417767091,-0.07957229045475425,0.16306050481925338,0
1.1105531442053407,0.35782844446083273,0.25439658887339506,0.6616120016695481,-0.5678638712912915,0
0.22025623214748083,-0.4065525292991494,-0.8919453515846908,-0.3945037870269092,0.30806337831896624,0
1.083449547880563,0.38575291219142704,-0.3305166260693655,0.1301183114924275,-0.4490671143815514,0
0.1024317787001896,-0.39922764868750865,-0.8617691731134589,-0.3287882416370787,0.4191566605698898,0
-1.2232967102272367,0.4612258613806857,0.12792462917985142,-0.8791356774221908,-0.276183388161469,0
0.7977491602691381,0.5205004106099502,0.11554505239739823,0.46835172950175974,0.030232303984836003,0
0.11599011259910873,-0.3167361279353402,-1.0410582939447062,-0.5079459314441251,0.22059479689485662,0
-0.027186550500615584,-0.5470856283665949,0.4945314029321165,0.6665385761670674,0.9124966429135423,0
1.1155405448146123,0.49376325259088094,-0.10519116020253283,1.419157314168218,-0.27667346664277076,0
1.106519803770089,0.44993654645669295,-0.394363624051087,0.03504143531949491,-0.5610720220004803,0
0.8955964589905788,0.4232199586899731,-0.1341630701222479,0.27109185943998704,-0.3512531602356743,0
1.041003148956748,0.44674999640296015,-0.2876850766258164,0.04244538424635816,-0.6443325042458958,0
0.02885803793992086,-0.7608263930334954,0.854397946934174,0.3369089163981355,0.9219640445691333,0
-0.6805372153581293,0.6399402139900043,0.31510325964086966,-0.9360160983681032,-0.3395257006396742,0
-0.516346461821614,-0.7154195502773145,1.0752168982997135,0.5896388125836093,0.9309390636171563,0
-0.44338844109318754,0.46534248193557654,0.3996985418366269,-0.8306883748066554,-0.32649930843515207,0
0.7715539283032231,0.44119578686617095,-0.3997243341944392,0.06210356242846044,-0.18675494660122705,0
-1.0293344890193858,0.5496034423841724,-0.06870167393931574,-0.8453379069539749,0.14561603390766445,0
-1.3411794542219284,0.3536806451678463,-0.11288163700450927,-0.7168441926254787,-0.44141879735449174,0
-0.5172548116862163,0.40846748621501866,0.3278230008916987,-0.8120807975010592,-0.11856654864347153,0
-0.8515999641634193,0.46722278616344576,0.11648377055111121,-0.840727587715352,-0.17892012597106804,0
-0.10797620750212539,-0.6834732098117184,0.961026952324806,0.1933833978418602,0.9663936830087684,0
0.2820923994699249,-0.380857084772775,-1.0408938637184426,-0.14723516305980405,0.33645824650889256,0
